index,apellido
0,Garcia
1,Rodriguez
2,Gonzalez
3,Fernandez
4,Lopez
5,Martinez
6,Sanchez
7,Perez
8,Gomez
9,Martin
10,Jimenez
11,Hernandez
12,Ruiz
13,Diaz
14,Moreno
15,Montez
16,Alvarez
17,Romero
18,Gutierrez
19,Alonso
20,Navarro
21,Torres
22,Dominguez
23,Ramos
24,Vazquez
25,Ramirez
26,Gil
27,Serrano
28,Morales
29,Molina
30,Blanco
31,Suarez
32,Castro
33,Ortega
34,Delgado
35,Ortiz
36,Marin
37,Rubio
38,Uriostegui
39,Sanz
40,Medina
41,Iglesias
42,Castillo
43,Cortes
44,Garrido
45,Santos
46,Guerrero
47,Lozano
48,Cano
49,Mendez
50,Cruz
51,Prieto
52,Flores
53,Herrera
54,Olivera
55,Leon
56,Marquez
57,Cabrera
58,Gallego
59,Calvo
60,Vidal
61,Campos
62,Reyes
63,Vega
64,Fuentes
65,Carrasco
66,Diez
67,Aguilar
68,Caballero
69,Nieto
70,Santana
71,Pascual
72,Herrero
73,Vargas
74,Gimenez
75,Montero
76,Hidalgo
77,Lorenzo
78,Santiago
79,Liera
80,Duran
81,Benitez
82,Ferrer
83,Arias
84,Mora
85,Carmona
86,Vicente
87,Rojas
88,Soto
89,Crespo
90,Roman
91,Pastor
92,Velasco
93,Parra
94,Saez
95,Moya
96,Bravo
97,Soler
98,Gallardo
99,Rivera
