index,nombre
0,Jose
1,Antonio
2,Juan
3,Manuel
4,Francisco
5,Luis
6,Javier
7,Miguel
8,Carlos
9,Angel
10,Jesus
11,David
12,Daniel
13,Pedro
14,Alejandro
15,Maria
16,Alberto
17,Pablo
18,Rafael
19,Fernando
20,Jorge
21,Ramon
22,Sergio
23,Enrique
24,Andres
25,Diego
26,Vicente
27,Adrian
28,Victor
29,Alvaro
30,Ignacio
31,Raul
32,Eduardo
33,Ivan
34,Oscar
35,Ruben
36,Joaquin
37,Santiago
38,Mario
39,Roberto
40,Gabriel
41,Alfonso
42,Marcos
43,Jaime
44,Ricardo
45,Julio
46,Emilio
47,Hugo
48,Salvador
49,Martin
50,Guillermo
51,Mohamed
52,Tomas
53,Nicolas
54,Julian
55,Jordi
56,Gonzalo
57,Agustin
58,Cristian
59,Cesar
60,Felix
61,Marc
62,Joan
63,Josep
64,Samuel
65,Sebastian
66,Lucas
67,Felipe
68,Hector
69,Ismael
70,Alfredo
71,Domingo
72,Aitor
73,Mariano
74,Alex
75,Rodrigo
76,Iker
77,Alexander
78,Mateo
79,Xavier
80,Esteban
81,Marco
82,Arturo
83,Gregorio
84,Lorenzo
85,Borja
86,Albert
87,Aaron
88,Dario
89,Joel
90,Eugenio
91,Cristobal
92,Isaac
93,Jonathan
94,Christian
95,Eric
96,German
97,Pau
98,Mohammed
99,Adolfo
100,Maria
101,Carmen
102,Ana
103,Isabel
104,Dolores
105,Pilar
106,Teresa
107,Rosa
108,Josefa
109,Cristina
110,Angeles
111,Laura
112,Antonia
113,Elena
114,Marta
115,Lucia
116,Francisca
117,Mercedes
118,Luisa
119,Concepcion
120,Rosario
121,Jose
122,Paula
123,Sara
124,Raquel
125,Rocio
126,Eva
127,Juana
128,Patricia
129,Beatriz
130,Manuela
131,Victoria
132,Julia
133,Jesus
134,Andrea
135,Belen
136,Alba
137,Silvia
138,Esther
139,Encarnacion
140,Nuria
141,Irene
142,Montserrat
143,Angela
144,Sandra
145,Monica
146,Inmaculada
147,Alicia
148,Yolanda
149,Mar
150,Sonia
151,Marina
152,Susana
153,Sofia
154,Margarita
155,Natalia
156,Claudia
157,Carolina
158,Ines
159,Alejandra
160,Amparo
161,Gloria
162,Carla
163,Veronica
164,Daniela
165,Nieves
166,Lourdes
167,Soledad
168,Luz
169,Noelia
170,Lorena
171,Fatima
172,Joshua
173,Blanca
174,Olga
175,Nerea
176,Miriam
177,Consuelo
178,Asuncion
179,Clara
180,Milagros
181,Esperanza
182,Lidia
183,Catalina
184,Martina
185,Celia
186,Adriana
187,Anna
188,Aurora
189,Magdalena
190,Emilia
191,Elisa
192,Vanesa
193,Virginia
194,Eugenia
195,Ainhoa
196,Gema
197,Diana
198,Josefina
199,Alexandra
